AQ,DQ,Loss,ccODP,Dispersion
1,1,247467,736928.739978078,59293.3155297668
2,1,229465,727253.223865424,59293.3155297668
3,1,199093,783514.35324859,59293.3155297668
4,1,394761,763623.488608553,59293.3155297668
5,1,168391,793318.789647532,59293.3155297668
6,1,238652,745897.33401065,59293.3155297668
7,1,518072,796057.161695865,59293.3155297668
8,1,517206,859132.850800426,59293.3155297668
9,1,579096,831194.900811707,59293.3155297668
10,1,526318,769775.69385628,59293.3155297668
11,1,481134,823566.171500995,59293.3155297668
12,1,406388,839673.521281382,59293.3155297668
13,1,567545,841913.233030934,59293.3155297668
14,1,897638,836792.356338152,59293.3155297668
15,1,952029,839471.396215817,59293.3155297668
16,1,707540,848006.114151077,59293.3155297668
17,1,672419,842884.280743303,59293.3155297668
18,1,741268,903569.176080624,59293.3155297668
19,1,946287,994848.492801944,59293.3155297668
20,1,1033133,948989.950649609,59293.3155297668
21,1,1078057,1017799.82868138,59293.3155297668
22,1,1330847,971773.858051153,59293.3155297668
23,1,916893,1013617.68346946,59293.3155297668
24,1,1275482,1027553.5927958,59293.3155297668
25,1,1023339,1027140.88876705,59293.3155297668
26,1,1645812,1075779.80456181,59293.3155297668
27,1,1500738,1105103.43349667,59293.3155297668
28,1,1767781,1072799.72475256,59293.3155297668
29,1,1261072,1140228.67042217,59293.3155297668
30,1,1355305,1159689.86607464,59293.3155297668
31,1,1596328,1292049.14013596,59293.3155297668
32,1,1776524,1408988.52931392,59293.3155297668
33,1,1800352,1423785.46652015,59293.3155297668
34,1,1280759,1418100.5745087,59293.3155297668
35,1,1697131,1478954.59204236,59293.3155297668
36,1,2385082,1713443.85740167,59293.3155297668
37,1,1991403,1718819.32375566,59293.3155297668
38,1,2236326,1649899.5330934,59293.3155297668
39,1,2478649,2179842.4028383,59293.3155297668
40,1,1798809,1798809,59293.3155297668
1,2,664360,1815289.00809833,59293.3155297668
2,2,909842,1791455.14588866,59293.3155297668
3,2,618555,1930044.13585735,59293.3155297668
4,2,859738,1881046.63313584,59293.3155297668
5,2,1115847,1954195.56958502,59293.3155297668
6,2,1164423,1837381.49721187,59293.3155297668
7,2,1221178,1960941.04768861,59293.3155297668
8,2,1314652,2116316.45768163,59293.3155297668
9,2,1636347,2047496.43374711,59293.3155297668
10,2,1308998,1896201.46420146,59293.3155297668
11,2,1423519,2028704.45602631,59293.3155297668
12,2,1508631,2068381.96271006,59293.3155297668
13,2,1843503,2073899.08247987,59293.3155297668
14,2,1627065,2061284.74045745,59293.3155297668
15,2,1941207,2067884.06462321,59293.3155297668
16,2,2142569,2088907.77942032,59293.3155297668
17,2,1994681,2076291.08070571,59293.3155297668
18,2,2048476,2225777.20804377,59293.3155297668
19,2,2819964,2450627.09015838,59293.3155297668
20,2,2519196,2337662.96896123,59293.3155297668
21,2,3087873,2507163.50335941,59293.3155297668
22,2,2876411,2393786.95276566,59293.3155297668
23,2,3133105,2496861.5544441,59293.3155297668
24,2,3206101,2531190.11519302,59293.3155297668
25,2,2572417,2530173.49439056,59293.3155297668
26,2,3536474,2649986.55692721,59293.3155297668
27,2,3382240,2722219.9472067,59293.3155297668
28,2,3107663,2642645.67601499,59293.3155297668
29,2,3490698,2808744.53640865,59293.3155297668
30,2,3359512,2856683.62825819,59293.3155297668
31,2,4060160,3182726.46291618,59293.3155297668
32,2,4406635,3470785.23477896,59293.3155297668
33,2,3992229,3507234.78004274,59293.3155297668
34,2,3928448,3493231.08956253,59293.3155297668
35,2,4932645,3643133.81846243,59293.3155297668
36,2,4538880,4220755.18513145,59293.3155297668
37,2,4945224,4233996.66216501,59293.3155297668
38,2,3724673,4064225.37812829,59293.3155297668
39,2,5070836,5369642.59716173,59293.3155297668
40,2,4881734,4431036.58226911,59293.3155297668
1,3,948621,1833424.68286371,59293.3155297668
2,3,1196789,1809352.70806068,59293.3155297668
3,3,1309712,1949326.27361866,59293.3155297668
4,3,1178690,1899839.26053836,59293.3155297668
5,3,1426191,1973718.9926432,59293.3155297668
6,3,942290,1855737.887354,59293.3155297668
7,3,1567796,1980531.86155699,59293.3155297668
8,3,1683145,2137459.55214534,59293.3155297668
9,3,1500318,2067951.98062702,59293.3155297668
10,3,1525461,1915145.49619361,59293.3155297668
11,3,1816235,2048972.26134295,59293.3155297668
12,3,1957767,2089046.16681142,59293.3155297668
13,3,1869936,2094618.40545725,59293.3155297668
14,3,1730982,2081878.03964288,59293.3155297668
15,3,2488169,2088543.29446552,59293.3155297668
16,3,1842779,2109777.04703195,59293.3155297668
17,3,2354876,2097034.30098081,59293.3155297668
18,3,2201070,2248013.87193873,59293.3155297668
19,3,2688406,2475110.12050786,59293.3155297668
20,3,2671927,2361017.42939537,59293.3155297668
21,3,2695192,2532211.36167713,59293.3155297668
22,3,2453964,2417702.12078536,59293.3155297668
23,3,3077266,2521806.49097134,59293.3155297668
24,3,2331710,2556478.01177241,59293.3155297668
25,3,3534158,2555451.23440307,59293.3155297668
26,3,3462223,2676461.29131643,59293.3155297668
27,3,3296745,2749416.33047247,59293.3155297668
28,3,3313247,2669047.07121242,59293.3155297668
29,3,3398759,2836805.34500944,59293.3155297668
30,3,3424364,2885223.37314651,59293.3155297668
31,3,4000820,3214523.54411985,59293.3155297668
32,3,3688492,3505460.17189237,59293.3155297668
33,3,3467299,3542273.86693907,59293.3155297668
34,3,4555459,3528130.27235823,59293.3155297668
35,3,3973214,3679530.60694276,59293.3155297668
36,3,4271086,4262922.70939914,59293.3155297668
37,3,3927956,4276296.47562734,59293.3155297668
38,3,3857955,4104829.08877831,59293.3155297668
39,3,4850255,5423288.10006185,59293.3155297668
40,3,5684512,4475304.92630197,59293.3155297668
1,4,1299687,1706140.86591673,59293.3155297668
2,4,1338845,1683740.06575371,59293.3155297668
3,4,1195688,1813996.09567338,59293.3155297668
4,4,1461758,1767944.6728156,59293.3155297668
5,4,1276538,1836695.37268626,59293.3155297668
6,4,1329103,1726904.99677319,59293.3155297668
7,4,1374770,1843035.2644618,59293.3155297668
8,4,1883613,1989068.3949248,59293.3155297668
9,4,1818859,1924386.32242602,59293.3155297668
10,4,1717840,1782188.2871832,59293.3155297668
11,4,1779860,1906724.25264108,59293.3155297668
12,4,2112301,1944016.06419772,59293.3155297668
13,4,2007161,1949201.45531695,59293.3155297668
14,4,1977859,1937345.57764398,59293.3155297668
15,4,1778698,1943548.10330045,59293.3155297668
16,4,1931036,1963307.72218687,59293.3155297668
17,4,1985749,1951449.62952288,59293.3155297668
18,4,2191885,2091947.58307258,59293.3155297668
19,4,2514764,2303277.88412155,59293.3155297668
20,4,2406030,2197105.97281871,59293.3155297668
21,4,3511102,2356414.92430871,59293.3155297668
22,4,2618970,2249855.38181067,59293.3155297668
23,4,3103603,2346732.40215131,59293.3155297668
24,4,2544467,2378996.88461143,59293.3155297668
25,4,2687017,2378041.39031357,59293.3155297668
26,4,2747825,2490650.43567905,59293.3155297668
27,4,2904510,2558540.6385557,59293.3155297668
28,4,2852984,2483750.94096482,59293.3155297668
29,4,2930120,2639862.75139037,59293.3155297668
30,4,2717444,2684919.40259828,59293.3155297668
31,4,3096416,2991358.21303986,59293.3155297668
32,4,3131472,3262096.83387012,59293.3155297668
33,4,3292967,3296354.7721054,59293.3155297668
34,4,3708266,3283193.08352835,59293.3155297668
35,4,3241561,3424082.58957813,59293.3155297668
36,4,3218551,3966973.2336046,59293.3155297668
37,4,3343948,3979418.53845208,59293.3155297668
38,4,3322414,3819855.11672584,59293.3155297668
39,4,4651398,5046781.3276643,59293.3155297668
40,4,3426910,4164611.01105937,59293.3155297668
1,5,1430972,1524637.03886838,59293.3155297668
2,5,1548559,1504619.29572003,59293.3155297668
3,5,1292285,1621018.34090952,59293.3155297668
4,5,1564382,1579865.99154366,59293.3155297668
5,5,1487868,1641302.80814241,59293.3155297668
6,5,1539111,1543192.22596699,59293.3155297668
7,5,1689395,1646968.24527981,59293.3155297668
8,5,1727902,1777465.98087338,59293.3155297668
9,5,1844380,1719664.96018836,59293.3155297668
10,5,1640314,1592594.3321315,59293.3155297668
11,5,2020475,1703881.82861046,59293.3155297668
12,5,1410430,1737206.43754608,59293.3155297668
13,5,1590788,1741840.19289379,59293.3155297668
14,5,1898156,1731245.57518689,59293.3155297668
15,5,1638618,1736788.25958025,59293.3155297668
16,5,1835407,1754445.79737797,59293.3155297668
17,5,1878053,1743849.20031672,59293.3155297668
18,5,1686762,1869400.60591651,59293.3155297668
19,5,1989558,2058249.02450317,59293.3155297668
20,5,2300055,1963371.96499802,59293.3155297668
21,5,2084937,2105733.20428199,59293.3155297668
22,5,2500875,2010509.7508246,59293.3155297668
23,5,2371989,2097080.73471999,59293.3155297668
24,5,2051412,2125912.83527002,59293.3155297668
25,5,1898974,2125058.98901028,59293.3155297668
26,5,2329844,2225688.38304544,59293.3155297668
27,5,2406559,2286356.24462111,59293.3155297668
28,5,2170748,2219522.87502618,59293.3155297668
29,5,2786204,2359027.09366038,59293.3155297668
30,5,2620976,2399290.49784421,59293.3155297668
31,5,2351726,2673129.52830139,59293.3155297668
32,5,2941434,2915066.25077018,59293.3155297668
33,5,3370423,2945679.73794007,59293.3155297668
34,5,2640683,2933918.22498444,59293.3155297668
35,5,2382652,3059819.52868244,59293.3155297668
36,5,3295452,3544956.01446325,59293.3155297668
37,5,3538319,3556077.35450588,59293.3155297668
38,5,2852910,3413488.71620977,59293.3155297668
39,5,2864186,4509891.23637924,59293.3155297668
40,5,2877318,3721568.55672556,59293.3155297668
1,6,1710690,1488504.66499646,59293.3155297668
2,6,1546054,1468961.32235202,59293.3155297668
3,6,1413729,1582601.82651705,59293.3155297668
4,6,1743194,1542424.74669738,59293.3155297668
5,6,1694458,1602405.57215183,59293.3155297668
6,6,1550563,1506620.11270765,59293.3155297668
7,6,1779570,1607936.74409196,59293.3155297668
8,6,1569531,1735341.81379083,59293.3155297668
9,6,1968000,1678910.6195211,59293.3155297668
10,6,1825439,1554851.43833588,59293.3155297668
11,6,1947577,1663501.53238558,59293.3155297668
12,6,2010289,1696036.381399,59293.3155297668
13,6,1866103,1700560.32137664,59293.3155297668
14,6,1963230,1690216.78551956,59293.3155297668
15,6,1863410,1695628.11383297,59293.3155297668
16,6,1687350,1712867.18563447,59293.3155297668
17,6,1798476,1702521.71733175,59293.3155297668
18,6,2006603,1825097.68011359,59293.3155297668
19,6,2021616,2009470.57994298,59293.3155297668
20,6,1875415,1916842.01191384,59293.3155297668
21,6,2054236,2055829.4321238,59293.3155297668
22,6,2097033,1962862.67933285,59293.3155297668
23,6,1848384,2047382.01744185,59293.3155297668
24,6,2140867,2075530.82602793,59293.3155297668
25,6,2494091,2074697.21507109,59293.3155297668
26,6,1991839,2172941.79305162,59293.3155297668
27,6,1839779,2232171.88694844,59293.3155297668
28,6,1832379,2166922.40140969,59293.3155297668
29,6,1920746,2303120.50950355,59293.3155297668
30,6,2433352,2342429.71125346,59293.3155297668
31,6,2649107,2609779.0304043,59293.3155297668
32,6,2905351,2845982.09437817,59293.3155297668
33,6,2484405,2875870.0725018,59293.3155297668
34,6,2420024,2864387.29564701,59293.3155297668
35,6,2045623,2987304.86429188,59293.3155297668
36,6,2829077,3460944.10027732,59293.3155297668
37,6,2658774,3471801.87567726,59293.3155297668
38,6,2507474,3332592.44558446,59293.3155297668
39,6,2775409,4403011.32193383,59293.3155297668
40,6,2833766,3633371.10182089,59293.3155297668
1,7,1360666,1386584.02855658,59293.3155297668
2,7,1707015,1368378.85432189,59293.3155297668
3,7,1779837,1474238.18535243,59293.3155297668
4,7,1597475,1436812.10365981,59293.3155297668
5,7,1407370,1492685.9323085,59293.3155297668
6,7,1526309,1403459.07843527,59293.3155297668
7,7,1532532,1497838.37479103,59293.3155297668
8,7,1850601,1616519.78638205,59293.3155297668
9,7,1501124,1563952.53917966,59293.3155297668
10,7,1498896,1448387.91699714,59293.3155297668
11,7,1580357,1549598.5404189,59293.3155297668
12,7,1758202,1579905.66882391,59293.3155297668
13,7,2036619,1584119.84635835,59293.3155297668
14,7,2028659,1574484.55131662,59293.3155297668
15,7,1621711,1579525.35608473,59293.3155297668
16,7,1534604,1595584.03711489,59293.3155297668
17,7,2049751,1585946.94194561,59293.3155297668
18,7,1657664,1700129.90440119,59293.3155297668
19,7,1875881,1871878.45461665,59293.3155297668
20,7,1926506,1785592.33403027,59293.3155297668
21,7,1759089,1915063.03141225,59293.3155297668
22,7,2020567,1828461.88219314,59293.3155297668
23,7,2282802,1907194.02666135,59293.3155297668
24,7,1656197,1933415.43484784,59293.3155297668
25,7,1632932,1932638.90275763,59293.3155297668
26,7,1920015,2024156.49482403,59293.3155297668
27,7,2149599,2079330.9958777,59293.3155297668
28,7,1939246,2018549.26193549,59293.3155297668
29,7,2130726,2145421.63650276,59293.3155297668
30,7,2120941,2182039.26532414,59293.3155297668
31,7,2069727,2431082.68769119,59293.3155297668
32,7,2342544,2651112.49593036,59293.3155297668
33,7,1979557,2678953.98953575,59293.3155297668
34,7,1655579,2668257.45941075,59293.3155297668
35,7,1977057,2782758.63735122,59293.3155297668
36,7,2025994,3223966.92870496,59293.3155297668
37,7,2339460,3234081.25236765,59293.3155297668
38,7,2168700,3104403.74652551,59293.3155297668
39,7,2647673,4101529.08493689,59293.3155297668
40,7,1985360,3384587.53813568,59293.3155297668
1,8,1730149,1274480.65334149,59293.3155297668
2,8,1676683,1257747.34192656,59293.3155297668
3,8,1600754,1355048.0944201,59293.3155297668
4,8,1296743,1320647.85897438,59293.3155297668
5,8,1566736,1372004.3668919,59293.3155297668
6,8,1284062,1289991.37909026,59293.3155297668
7,8,1568073,1376740.2416216,59293.3155297668
8,8,1592812,1485826.42743427,59293.3155297668
9,8,1145493,1437509.16848776,59293.3155297668
10,8,1577489,1331287.78402853,59293.3155297668
11,8,1464792,1424315.67040765,59293.3155297668
12,8,1361265,1452172.50996085,59293.3155297668
13,8,1443054,1456045.97714839,59293.3155297668
14,8,1721547,1447189.68220556,59293.3155297668
15,8,1523114,1451822.94497356,59293.3155297668
16,8,1744668,1466583.30415095,59293.3155297668
17,8,1338273,1457725.35461835,59293.3155297668
18,8,1429164,1562676.78460298,59293.3155297668
19,8,1801571,1720539.70526342,59293.3155297668
20,8,1505006,1641229.69658424,59293.3155297668
21,8,1770368,1760232.86955438,59293.3155297668
22,8,1801318,1680633.30186588,59293.3155297668
23,8,1689518,1753000.06280808,59293.3155297668
24,8,1994233,1777101.5068957,59293.3155297668
25,8,1513526,1776387.75633657,59293.3155297668
26,8,1471924,1860506.27935925,59293.3155297668
27,8,1746416,1911219.9993376,59293.3155297668
28,8,1802074,1855352.38339042,59293.3155297668
29,8,1829743,1971967.30430351,59293.3155297668
30,8,2096639,2005624.44915947,59293.3155297668
31,8,1957193,2234533.05989773,59293.3155297668
32,8,1677597,2436773.76654368,59293.3155297668
33,8,2345285,2462364.31441487,59293.3155297668
34,8,1274909,2452532.58375777,59293.3155297668
35,8,1416738,2557776.50195136,59293.3155297668
36,8,1863353,2963313.721365,59293.3155297668
37,8,1666399,2972610.31613622,59293.3155297668
38,8,1571695,2853417.05488004,59293.3155297668
39,8,2189849,3769926.20729311,59293.3155297668
40,8,1968380,3110948.37965576,59293.3155297668
1,9,1470673,1239826.3395759,59293.3155297668
2,9,1172103,1223548.0224542,59293.3155297668
3,9,1601705,1318203.0770333,59293.3155297668
4,9,1522626,1284738.215969,59293.3155297668
5,9,1546830,1334698.29269346,59293.3155297668
6,9,1479814,1254915.31427226,59293.3155297668
7,9,1629387,1339305.39458663,59293.3155297668
8,9,1481277,1445425.42559676,59293.3155297668
9,9,1544447,1398421.9578384,59293.3155297668
10,9,1413580,1295088.83156969,59293.3155297668
11,9,1467550,1385587.20323622,59293.3155297668
12,9,1561679,1412686.58942528,59293.3155297668
13,9,1385170,1416454.73343909,59293.3155297668
14,9,1332125,1407839.24938887,59293.3155297668
15,9,1478393,1412346.52943497,59293.3155297668
16,9,1749686,1426705.54072459,59293.3155297668
17,9,1475548,1418088.44707444,59293.3155297668
18,9,1901827,1520186.15011131,59293.3155297668
19,9,1479980,1673756.63120416,59293.3155297668
20,9,1604230,1596603.1353903,59293.3155297668
21,9,1581288,1712370.50145792,59293.3155297668
22,9,1300327,1634935.32001337,59293.3155297668
23,9,1557576,1705334.36145091,59293.3155297668
24,9,1656409,1728780.46486826,59293.3155297668
25,9,1779524,1728086.12185036,59293.3155297668
26,9,1514173,1809917.38403257,59293.3155297668
27,9,1778550,1859252.15081948,59293.3155297668
28,9,1791547,1804903.62728637,59293.3155297668
29,9,1892913,1918347.68009057,59293.3155297668
30,9,1632244,1951089.65588906,59293.3155297668
31,9,1421819,2173774.02869999,59293.3155297668
32,9,1996732,2370515.62252229,59293.3155297668
33,9,1930790,2395410.339607,59293.3155297668
34,9,1634091,2385845.94284639,59293.3155297668
35,9,1626673,2488228.18106591,59293.3155297668
36,9,1825161,2882738.46648229,59293.3155297668
37,9,1582279,2891782.27819925,59293.3155297668
38,9,1297733,2775829.99252279,59293.3155297668
39,9,1417286,3667418.40906319,59293.3155297668
40,9,1517622,3026358.80116784,59293.3155297668
1,10,1257317,1126038.07617917,59293.3155297668
2,10,1567253,1111253.74363997,59293.3155297668
3,10,1641757,1197221.58619713,59293.3155297668
4,10,1213209,1166828.04915925,59293.3155297668
5,10,1252283,1212202.91085142,59293.3155297668
6,10,1590043,1139742.22126485,59293.3155297668
7,10,1339456,1216387.18407336,59293.3155297668
8,10,1660991,1312767.77524841,59293.3155297668
9,10,1439326,1270078.17210087,59293.3155297668
10,10,1014172,1176228.71028914,59293.3155297668
11,10,1291117,1258421.36024009,59293.3155297668
12,10,1253251,1283033.6302943,59293.3155297668
13,10,1509204,1286455.94316235,59293.3155297668
14,10,1352133,1278631.16740498,59293.3155297668
15,10,1075657,1282724.78018759,59293.3155297668
16,10,1432482,1295765.95614287,59293.3155297668
17,10,1456943,1287939.71851076,59293.3155297668
18,10,1337650,1380667.14124746,59293.3155297668
19,10,1618682,1520143.29493755,59293.3155297668
20,10,1371395,1450070.76040302,59293.3155297668
21,10,1583266,1555213.27755241,59293.3155297668
22,10,1354117,1484884.90981324,59293.3155297668
23,10,1205488,1548822.89746101,59293.3155297668
24,10,1556496,1570117.17420221,59293.3155297668
25,10,1423871,1569486.55630749,59293.3155297668
26,10,1673466,1643807.54312448,59293.3155297668
27,10,1613172,1688614.4843131,59293.3155297668
28,10,1324398,1639253.93684857,59293.3155297668
29,10,1404747,1742286.3688078,59293.3155297668
30,10,1054111,1772023.36524155,59293.3155297668
31,10,1573930,1974270.30479355,59293.3155297668
32,10,1247541,2152955.43087973,59293.3155297668
33,10,1467980,2175565.37102883,59293.3155297668
34,10,1611932,2166878.77147505,59293.3155297668
35,10,1379373,2259864.61544338,59293.3155297668
36,10,1569473,2618167.70083766,59293.3155297668
37,10,1338827,2626381.49338427,59293.3155297668
38,10,960815,2521071.02810059,59293.3155297668
39,10,1280550,3330831.61573918,59293.3155297668
40,10,1760551,2748606.90849706,59293.3155297668
1,11,1120364,1080049.9530491,59293.3155297668
2,11,1194177,1065869.42221038,59293.3155297668
3,11,1378462,1148326.2824905,59293.3155297668
4,11,1432351,1119174.03715778,59293.3155297668
5,11,1534426,1162695.76015895,59293.3155297668
6,11,1357404,1093194.41198835,59293.3155297668
7,11,1376145,1166709.14495694,59293.3155297668
8,11,1558109,1259153.49046849,59293.3155297668
9,11,1521756,1218207.35831668,59293.3155297668
10,11,952095,1128190.76920863,59293.3155297668
11,11,1465930,1207026.61818962,59293.3155297668
12,11,1121762,1230633.70722047,59293.3155297668
13,11,1211790,1233916.25061811,59293.3155297668
14,11,1128997,1226411.04376219,59293.3155297668
15,11,1274953,1230337.47075182,59293.3155297668
16,11,1451090,1242846.03664863,59293.3155297668
17,11,1224725,1235339.42762188,59293.3155297668
18,11,1416125,1324279.80245624,59293.3155297668
19,11,1455806,1458059.65984401,59293.3155297668
20,11,1488531,1390848.93292894,59293.3155297668
21,11,1411100,1491697.36169254,59293.3155297668
22,11,1097713,1424241.24996633,59293.3155297668
23,11,1230928,1485567.96885611,59293.3155297668
24,11,1433619,1505992.57356628,59293.3155297668
25,11,1521219,1505387.71051413,59293.3155297668
26,11,1385253,1576673.38017339,59293.3155297668
27,11,1607614,1619650.37691159,59293.3155297668
28,11,1228068,1572305.74612216,59293.3155297668
29,11,1069279,1671130.26693916,59293.3155297668
30,11,1123778,1699652.78521054,59293.3155297668
31,11,1470469,1893639.82897789,59293.3155297668
32,11,1386843,2065027.33897648,59293.3155297668
33,11,1386490,2086713.87455025,59293.3155297668
34,11,1484385,2078382.04133902,59293.3155297668
35,11,1184903,2167570.28331481,59293.3155297668
36,11,1700066,2511240.03902196,59293.3155297668
37,11,1174557,2519118.3749699,59293.3155297668
38,11,1564655,2418108.85718241,59293.3155297668
39,11,1500226,3194798.29882871,59293.3155297668
40,11,728864,2636352.02509824,59293.3155297668
1,12,1302995,996496.776471544,59293.3155297668
2,12,975509,983413.258223572,59293.3155297668
3,12,1466588,1059491.21668756,59293.3155297668
4,12,1376036,1032594.20287912,59293.3155297668
5,12,1384329,1072749.06474891,59293.3155297668
6,12,1230140,1008624.37383354,59293.3155297668
7,12,1257826,1076451.97219559,59293.3155297668
8,12,1131094,1161744.77929698,59293.3155297668
9,12,1110819,1123966.25934699,59293.3155297668
10,12,1316465,1040913.39626237,59293.3155297668
11,12,1369894,1113650.46657858,59293.3155297668
12,12,1017840,1135431.30000643,59293.3155297668
13,12,1540179,1138459.90429009,59293.3155297668
14,12,1154303,1131535.30379586,59293.3155297668
15,12,1489650,1135157.98053149,59293.3155297668
16,12,1134325,1146698.87783837,59293.3155297668
17,12,988460,1139772.98364591,59293.3155297668
18,12,1374919,1221832.88890345,59293.3155297668
19,12,1072094,1345263.4730791,59293.3155297668
20,12,983093,1283252.19987262,59293.3155297668
21,12,1366097,1376298.94636007,59293.3155297668
22,12,1471261,1314061.27142781,59293.3155297668
23,12,1169780,1370643.72626031,59293.3155297668
24,12,1356359,1389488.2738638,59293.3155297668
25,12,1066587,1388930.20330423,59293.3155297668
26,12,948086,1454701.17975168,59293.3155297668
27,12,1075586,1494353.45564053,59293.3155297668
28,12,1034400,1450671.42794199,59293.3155297668
29,12,963786,1541850.83696143,59293.3155297668
30,12,997229,1568166.83969263,59293.3155297668
31,12,1168839,1747146.9537565,59293.3155297668
32,12,1025314,1905275.84470171,59293.3155297668
33,12,1132867,1925284.69959873,59293.3155297668
34,12,1227234,1917597.42095606,59293.3155297668
35,12,1223688,1999886.01823542,59293.3155297668
36,12,1178964,2316969.31865696,59293.3155297668
37,12,812521,2324238.18279969,59293.3155297668
38,12,1087081,2231042.80921163,59293.3155297668
39,12,1392368,2947647.18731009,59293.3155297668
40,12,906781,2432402.58215649,59293.3155297668
1,13,1118148,942571.067293232,59293.3155297668
2,13,996509,930195.567391859,59293.3155297668
3,13,1121902,1002156.54528966,59293.3155297668
4,13,877777,976715.071106273,59293.3155297668
5,13,1043432,1014696.94109649,59293.3155297668
6,13,1066386,954042.376241845,59293.3155297668
7,13,1099467,1018199.46464351,59293.3155297668
8,13,1501711,1098876.62699887,59293.3155297668
9,13,1611373,1063142.50250314,59293.3155297668
10,13,1143336,984584.068950936,59293.3155297668
11,13,1297283,1053384.95182232,59293.3155297668
12,13,1189334,1073987.10919539,59293.3155297668
13,13,1410822,1076851.81968866,59293.3155297668
14,13,958563,1070301.9459384,59293.3155297668
15,13,847026,1073728.58048231,59293.3155297668
16,13,1384174,1084644.93881775,59293.3155297668
17,13,1245579,1078093.84137812,59293.3155297668
18,13,1068256,1155713.05130116,59293.3155297668
19,13,1154977,1272464.15397408,59293.3155297668
20,13,1099024,1213808.63862219,59293.3155297668
21,13,1285467,1301820.13370739,59293.3155297668
22,13,947620,1242950.4684241,59293.3155297668
23,13,1012765,1296470.94746708,59293.3155297668
24,13,1393823,1314295.71696626,59293.3155297668
25,13,1173321,1313767.84655525,59293.3155297668
26,13,1016759,1375979.60772773,59293.3155297668
27,13,900906,1413486.08932168,59293.3155297668
28,13,803358,1372167.92709427,59293.3155297668
29,13,748177,1458413.13621469,59293.3155297668
30,13,762350,1483305.0409021,59293.3155297668
31,13,914721,1652599.59470367,59293.3155297668
32,13,916812,1802171.29531255,59293.3155297668
33,13,1205440,1821097.36528177,59293.3155297668
34,13,1099214,1813826.08593006,59293.3155297668
35,13,617260,1891661.6121405,59293.3155297668
36,13,824356,2191585.85871705,59293.3155297668
37,13,1065748,2198461.36618963,59293.3155297668
38,13,877066,2110309.28700204,59293.3155297668
39,13,974482,2788134.41342437,59293.3155297668
40,13,820816,2300772.41801848,59293.3155297668
1,14,1114910,827108.060792168,59293.3155297668
2,14,1037291,816248.53403611,59293.3155297668
3,14,1524795,879394.44095714,59293.3155297668
4,14,1069737,857069.494748108,59293.3155297668
5,14,967073,890398.664211251,59293.3155297668
6,14,1042066,837174.15811731,59293.3155297668
7,14,904796,893472.135866993,59293.3155297668
8,14,982007,964266.512674654,59293.3155297668
9,14,1232590,932909.744531284,59293.3155297668
10,14,939659,863974.556629932,59293.3155297668
11,14,1074034,924347.473630194,59293.3155297668
12,14,1013211,942425.909330441,59293.3155297668
13,14,693720,944939.698712519,59293.3155297668
14,14,990877,939192.170951492,59293.3155297668
15,14,802981,942199.049850075,59293.3155297668
16,14,798016,951778.176864515,59293.3155297668
17,14,761094,946029.575313529,59293.3155297668
18,14,1045432,1014140.59253796,59293.3155297668
19,14,900847,1116589.9265754,59293.3155297668
20,14,909455,1065119.59055417,59293.3155297668
21,14,1122960,1142349.85949971,59293.3155297668
22,14,939621,1090691.60647083,59293.3155297668
23,14,724288,1137655.9375117,59293.3155297668
24,14,1172962,1153297.20960895,59293.3155297668
25,14,1216611,1152834.00223165,59293.3155297668
26,14,934697,1207424.95131478,59293.3155297668
27,14,757639,1240336.96647709,59293.3155297668
28,14,782314,1204080.19367634,59293.3155297668
29,14,493254,1279760.5430351,59293.3155297668
30,14,965267,1301603.2408749,59293.3155297668
31,14,1272168,1450159.56193788,59293.3155297668
32,14,1015974,1581409.03853731,59293.3155297668
33,14,961017,1598016.70407452,59293.3155297668
34,14,960759,1591636.14140635,59293.3155297668
35,14,1048910,1659936.97662032,59293.3155297668
36,14,940103,1923121.1232363,59293.3155297668
37,14,812785,1929154.39526208,59293.3155297668
38,14,726983,1851800.76347597,59293.3155297668
39,14,531039,2446593.7136578,59293.3155297668
40,14,827187,2018932.55482173,59293.3155297668
1,15,1120941,806595.851159463,59293.3155297668
2,15,925123,796005.639744278,59293.3155297668
3,15,1197065,857585.533538837,59293.3155297668
4,15,1304822,835814.244098957,59293.3155297668
5,15,1139991,868316.852991215,59293.3155297668
6,15,871992,816412.310126203,59293.3155297668
7,15,822975,871314.102811031,59293.3155297668
8,15,724281,940352.785088881,59293.3155297668
9,15,890329,909773.66213125,59293.3155297668
10,15,646857,842548.061032798,59293.3155297668
11,15,845125,901423.734821017,59293.3155297668
12,15,1259829,919053.826851926,59293.3155297668
13,15,1069861,921505.274470911,59293.3155297668
14,15,987511,915900.284910021,59293.3155297668
15,15,1004795,918832.593467398,59293.3155297668
16,15,701409,928174.158945767,59293.3155297668
17,15,1239516,922568.122224818,59293.3155297668
18,15,968744,988989.992009114,59293.3155297668
19,15,966025,1088898.591267,59293.3155297668
20,15,1178379,1038704.71520594,59293.3155297668
21,15,703792,1114019.68004347,59293.3155297668
22,15,802553,1063642.54730057,59293.3155297668
23,15,873209,1109442.16692194,59293.3155297668
24,15,870200,1124695.53680013,59293.3155297668
25,15,843205,1124243.81692644,59293.3155297668
26,15,843766,1177480.9151106,59293.3155297668
27,15,917231,1209576.71509325,59293.3155297668
28,15,737285,1174219.10717741,59293.3155297668
29,15,680886,1248022.59030222,59293.3155297668
30,15,992037,1269323.59109146,59293.3155297668
31,15,881215,1414195.72801411,59293.3155297668
32,15,843348,1542190.22874544,59293.3155297668
33,15,967990,1558386.02558839,59293.3155297668
34,15,901435,1552163.70033227,59293.3155297668
35,15,766331,1618770.68063608,59293.3155297668
36,15,1205502,1875427.88277734,59293.3155297668
37,15,646821,1881311.53016949,59293.3155297668
38,15,589888,1805876.26187935,59293.3155297668
39,15,871606,2385918.39743304,59293.3155297668
40,15,861412,1968863.19900003,59293.3155297668
1,16,891694,700915.289109192,59293.3155297668
2,16,901005,691712.612099223,59293.3155297668
3,16,541536,745224.279683778,59293.3155297668
4,16,955976,726305.474671209,59293.3155297668
5,16,1109695,754549.576690544,59293.3155297668
6,16,993049,709445.591074929,59293.3155297668
7,16,1195487,757154.125450581,59293.3155297668
8,16,782918,817147.327596287,59293.3155297668
9,16,783463,790574.695493427,59293.3155297668
10,16,664801,732157.023791139,59293.3155297668
11,16,784342,783318.779527234,59293.3155297668
12,16,972015,798638.968733641,59293.3155297668
13,16,677921,800769.226550028,59293.3155297668
14,16,740239,795898.605317749,59293.3155297668
15,16,873253,798446.721449634,59293.3155297668
16,16,747226,806564.350691827,59293.3155297668
17,16,608676,801692.819498885,59293.3155297668
18,16,878777,859412.065136102,59293.3155297668
19,16,1052885,946230.593439553,59293.3155297668
20,16,854599,902613.14227082,59293.3155297668
21,16,591486,968060.305527938,59293.3155297668
22,16,722875,924283.608052715,59293.3155297668
23,16,779404,964082.540295986,59293.3155297668
24,16,647679,977337.406587076,59293.3155297668
25,16,778479,976944.871260476,59293.3155297668
26,16,653429,1023206.82018006,59293.3155297668
27,16,790915,1051097.41358156,59293.3155297668
28,16,725780,1020372.37583321,59293.3155297668
29,16,510373,1084506.09241176,59293.3155297668
30,16,848369,1103016.22621054,59293.3155297668
31,16,637344,1228907.14864591,59293.3155297668
32,16,844424,1340131.7506018,59293.3155297668
33,16,799004,1354205.56664017,59293.3155297668
34,16,653854,1348798.49332141,59293.3155297668
35,16,524544,1406678.59621213,59293.3155297668
36,16,623133,1629708.45284008,59293.3155297668
37,16,483835,1634821.22202549,59293.3155297668
38,16,684938,1569269.51752985,59293.3155297668
39,16,573058,2073314.26379616,59293.3155297668
40,16,458045,1710901.83065017,59293.3155297668
1,17,542950,659163.213189268,59293.3155297668
2,17,772071,650508.720639185,59293.3155297668
3,17,903457,700832.808722612,59293.3155297668
4,17,864962,683040.957844832,59293.3155297668
5,17,1122584,709602.617049572,59293.3155297668
6,17,695423,667185.382687605,59293.3155297668
7,17,613345,712052.018220086,59293.3155297668
8,17,762488,768471.549239498,59293.3155297668
9,17,708479,743481.793940996,59293.3155297668
10,17,881796,688543.942270997,59293.3155297668
11,17,604629,736658.097900658,59293.3155297668
12,17,975713,751065.695082333,59293.3155297668
13,17,810863,753069.057840985,59293.3155297668
14,17,639237,748488.569454468,59293.3155297668
15,17,746029,750884.899571917,59293.3155297668
16,17,822432,758518.97840841,59293.3155297668
17,17,778143,753937.634265707,59293.3155297668
18,17,645578,808218.663668622,59293.3155297668
19,17,799298,889865.591578552,59293.3155297668
20,17,865595,848846.341877139,59293.3155297668
21,17,892094,910394.952810584,59293.3155297668
22,17,551975,869225.94277621,59293.3155297668
23,17,587403,906654.134836791,59293.3155297668
24,17,801287,919119.436122961,59293.3155297668
25,17,510860,918750.283314922,59293.3155297668
26,17,562601,962256.503498801,59293.3155297668
27,17,735077,988485.711863844,59293.3155297668
28,17,489400,959590.901146695,59293.3155297668
29,17,627902,1019904.30470708,59293.3155297668
30,17,801135,1037311.8280711,59293.3155297668
31,17,410953,1155703.68830477,59293.3155297668
32,17,648962,1260302.8704743,59293.3155297668
33,17,675119,1273538.33836298,59293.3155297668
34,17,540722,1268453.35323265,59293.3155297668
35,17,600787,1322885.65795475,59293.3155297668
36,17,618579,1532630.08672711,59293.3155297668
37,17,612596,1537438.29881338,59293.3155297668
38,17,503435,1475791.37394705,59293.3155297668
39,17,705435,1949811.21586308,59293.3155297668
40,17,510499,1608986.94273892,59293.3155297668
1,18,888342,623687.294042643,59293.3155297668
2,18,751066,615498.583065043,59293.3155297668
3,18,1110916,663114.24743147,59293.3155297668
4,18,584990,646279.947355343,59293.3155297668
5,18,738398,671412.067933696,59293.3155297668
6,18,491867,631277.713360132,59293.3155297668
7,18,497649,673729.643243566,59293.3155297668
8,18,690660,727112.696072621,59293.3155297668
9,18,700679,703467.880116492,59293.3155297668
10,18,612390,651486.763204952,59293.3155297668
11,18,879021,697011.432860924,59293.3155297668
12,18,841992,710643.618517066,59293.3155297668
13,18,417120,712539.161036625,59293.3155297668
14,18,657510,708205.192832667,59293.3155297668
15,18,662266,710472.553353825,59293.3155297668
16,18,592178,717695.768904651,59293.3155297668
17,18,595109,713360.991000987,59293.3155297668
18,18,742440,764720.635575741,59293.3155297668
19,18,937348,841973.35617078,59293.3155297668
20,18,731666,803161.747242919,59293.3155297668
21,18,600506,861397.834811328,59293.3155297668
22,18,802632,822444.525595966,59293.3155297668
23,18,1001807,857858.346270557,59293.3155297668
24,18,688435,869652.769674409,59293.3155297668
25,18,864056,869303.484533298,59293.3155297668
26,18,640317,910468.216116576,59293.3155297668
27,18,402962,935285.778235863,59293.3155297668
28,18,458464,907946.075492351,59293.3155297668
29,18,320779,965013.434089434,59293.3155297668
30,18,553455,981484.09101575,59293.3155297668
31,18,528381,1093504.14533364,59293.3155297668
32,18,774253,1192473.83839455,59293.3155297668
33,18,414980,1204996.97832061,59293.3155297668
34,18,474768,1200185.66520008,59293.3155297668
35,18,567965,1251688.44351257,59293.3155297668
36,18,559332,1450144.50508285,59293.3155297668
37,18,546676,1454693.94098168,59293.3155297668
38,18,244826,1396364.83069972,59293.3155297668
39,18,487840,1844873.10089993,59293.3155297668
40,18,364604,1522391.8634832,59293.3155297668
1,19,690782,563422.598663364,59293.3155297668
2,19,442556,556025.133839611,59293.3155297668
3,19,563263,599039.865117077,59293.3155297668
4,19,690894,583832.203864126,59293.3155297668
5,19,688621,606535.896598338,59293.3155297668
6,19,748270,570279.582632179,59293.3155297668
7,19,738946,608629.532810199,59293.3155297668
8,19,697338,656854.370219623,59293.3155297668
9,19,925350,635494.269127026,59293.3155297668
10,19,572282,588535.903530241,59293.3155297668
11,19,847181,629661.685514032,59293.3155297668
12,19,607767,641976.641327963,59293.3155297668
13,19,614279,643689.02428405,59293.3155297668
14,19,668371,639773.832085456,59293.3155297668
15,19,408827,641822.105585878,59293.3155297668
16,19,524163,648347.367388106,59293.3155297668
17,19,471036,644431.443728222,59293.3155297668
18,19,747624,690828.387660121,59293.3155297668
19,19,857693,760616.451337584,59293.3155297668
20,19,575773,725555.070787884,59293.3155297668
21,19,636231,778164.01136947,59293.3155297668
22,19,439243,742974.622529434,59293.3155297668
23,19,572332,774966.531076656,59293.3155297668
24,19,553335,785621.301099083,59293.3155297668
25,19,428139,785305.766144693,59293.3155297668
26,19,513787,822492.895437637,59293.3155297668
27,19,293548,844912.424383152,59293.3155297668
28,19,365991,820214.46033359,59293.3155297668
29,19,766371,871767.602087066,59293.3155297668
30,19,460711,886646.757740481,59293.3155297668
31,19,534000,987842.710759013,59293.3155297668
32,19,591711,1077249.31273074,59293.3155297668
33,19,326232,1088562.38597748,59293.3155297668
34,19,457506,1084215.97301181,59293.3155297668
35,19,435333,1130742.22017506,59293.3155297668
36,19,459755,1310022.17504741,59293.3155297668
37,19,277458,1314132.01506028,59293.3155297668
38,19,283256,1261439.04022064,59293.3155297668
39,19,572841,1666609.54398424,59293.3155297668
40,19,384412,1375288.52696015,59293.3155297668
1,20,592838,484659.23071028,59293.3155297668
2,20,569259,478295.890618505,59293.3155297668
3,20,607016,515297.399999925,59293.3155297668
4,20,506410,502215.685810179,59293.3155297668
5,20,596965,521745.527674794,59293.3155297668
6,20,504888,490557.646185986,59293.3155297668
7,20,678275,523546.485105744,59293.3155297668
8,20,916406,565029.756553193,59293.3155297668
9,20,488448,546655.679638296,59293.3155297668
10,20,532741,506261.834237806,59293.3155297668
11,20,455278,541638.459005625,59293.3155297668
12,20,417306,552231.852002587,59293.3155297668
13,20,537185,553704.853277558,59293.3155297668
14,20,568250,550336.983327799,59293.3155297668
15,20,534651,552098.919503866,59293.3155297668
16,20,442702,557711.985740034,59293.3155297668
17,20,418891,554343.486583234,59293.3155297668
18,20,700929,594254.393967298,59293.3155297668
19,20,728005,654286.47172726,59293.3155297668
20,20,425462,624126.478561968,59293.3155297668
21,20,316475,669380.979768067,59293.3155297668
22,20,403616,639110.873164538,59293.3155297668
23,20,570476,666630.489563018,59293.3155297668
24,20,592985,675795.781574228,59293.3155297668
25,20,599902,675524.35666401,59293.3155297668
26,20,364094,707512.93063708,59293.3155297668
27,20,426934,726798.333241444,59293.3155297668
28,20,482446,705553.008178573,59293.3155297668
29,20,369188,749899.305402384,59293.3155297668
30,20,465069,762698.43726133,59293.3155297668
31,20,301986,849747.754873561,59293.3155297668
32,20,289392,926655.807612016,59293.3155297668
33,20,385204,936387.375692069,59293.3155297668
34,20,416022,932648.567257179,59293.3155297668
35,20,234446,972670.70199489,59293.3155297668
36,20,445163,1126888.30919833,59293.3155297668
37,20,369837,1130423.61627281,59293.3155297668
38,20,406691,1085096.82833388,59293.3155297668
39,20,552819,1433626.73310948,59293.3155297668
40,20,366935,1183030.78552841,59293.3155297668
1,21,608182,470630.597887898,59293.3155297668
2,21,572855,464451.446925339,59293.3155297668
3,21,562634,500381.934532914,59293.3155297668
4,21,367743,487678.875186461,59293.3155297668
5,21,480203,506643.41887199,59293.3155297668
6,21,531110,476358.28164181,59293.3155297668
7,21,674058,508392.246953231,59293.3155297668
8,21,521826,548674.770438953,59293.3155297668
9,21,608629,530832.537677961,59293.3155297668
10,21,445480,491607.906417016,59293.3155297668
11,21,543121,525960.542270736,59293.3155297668
12,21,708142,536247.305761272,59293.3155297668
13,21,587605,537677.670493443,59293.3155297668
14,21,411771,534407.284730356,59293.3155297668
15,21,460316,536118.221040736,59293.3155297668
16,21,530383,541568.815089755,59293.3155297668
17,21,501648,538297.818332248,59293.3155297668
18,21,609257,577053.490388432,59293.3155297668
19,21,453315,635347.918428559,59293.3155297668
20,21,376114,606060.91693088,59293.3155297668
21,21,392431,650005.510596272,59293.3155297668
22,21,433931,620611.582932765,59293.3155297668
23,21,476702,647334.634302861,59293.3155297668
24,21,400497,656234.633695695,59293.3155297668
25,21,516209,655971.065275487,59293.3155297668
26,21,430827,687033.718662825,59293.3155297668
27,21,554828,705760.898468931,59293.3155297668
28,21,393510,685130.526852964,59293.3155297668
29,21,376610,728193.204821503,59293.3155297668
30,21,422556,740621.86128265,59293.3155297668
31,21,373763,825151.505613447,59293.3155297668
32,21,369337,899833.427568484,59293.3155297668
33,21,258764,909283.311969096,59293.3155297668
34,21,224239,905652.724666505,59293.3155297668
35,21,182092,944516.404561253,59293.3155297668
36,21,433834,1094270.1285884,59293.3155297668
37,21,427030,1097703.10494942,59293.3155297668
38,21,249624,1053688.31691625,59293.3155297668
39,21,409642,1392129.90034789,59293.3155297668
40,21,287874,1148787.54108751,59293.3155297668
1,22,410415,386515.790801311,59293.3155297668
2,22,367411,381441.026365058,59293.3155297668
3,22,506364,410949.734243049,59293.3155297668
4,22,355410,400517.065710818,59293.3155297668
5,22,386281,416092.116786321,59293.3155297668
6,22,434710,391219.77780415,59293.3155297668
7,22,271588,417528.380539314,59293.3155297668
8,22,519161,450611.29416718,59293.3155297668
9,22,270023,435957.965768591,59293.3155297668
10,22,678065,403743.869535254,59293.3155297668
11,22,407451,431956.731751817,59293.3155297668
12,22,528095,440404.963853967,59293.3155297668
13,22,373580,441579.682535817,59293.3155297668
14,22,402728,438893.805873488,59293.3155297668
15,22,340933,440298.950171341,59293.3155297668
16,22,365141,444775.371123673,59293.3155297668
17,22,376612,442088.992668658,59293.3155297668
18,22,702030,473917.945779779,59293.3155297668
19,22,474289,521793.534520413,59293.3155297668
20,22,561604,497740.936591429,59293.3155297668
21,22,630807,533831.406374414,59293.3155297668
22,22,333167,509690.992966098,59293.3155297668
23,22,281549,531637.890127674,59293.3155297668
24,22,246782,538947.211533656,59293.3155297668
25,22,254538,538730.750137343,59293.3155297668
26,22,291894,564241.641465436,59293.3155297668
27,22,313148,579621.752203496,59293.3155297668
28,22,226483,562678.603085152,59293.3155297668
29,22,394536,598044.780090491,59293.3155297668
30,22,366933,608252.089182244,59293.3155297668
31,22,482806,677673.929732555,59293.3155297668
32,22,260481,739008.110409623,59293.3155297668
33,22,240469,746769.037043963,59293.3155297668
34,22,208856,743787.336898176,59293.3155297668
35,22,256585,775704.993836295,59293.3155297668
36,22,293861,898693.552862326,59293.3155297668
37,22,239953,901512.960650384,59293.3155297668
38,22,389879,865364.84218987,59293.3155297668
39,22,281805,1143317.48030391,59293.3155297668
40,22,237928,943467.184026773,59293.3155297668
1,23,423321,350457.605830582,59293.3155297668
2,23,292257,345856.267834025,59293.3155297668
3,23,414020,372612.098669902,59293.3155297668
4,23,472476,363152.697208839,59293.3155297668
5,23,513789,377274.746658082,59293.3155297668
6,23,554287,354722.75634217,59293.3155297668
7,23,464781,378577.020894206,59293.3155297668
8,23,350053,408573.618652567,59293.3155297668
9,23,269137,395287.304069216,59293.3155297668
10,23,469186,366078.471445519,59293.3155297668
11,23,462085,391659.346486993,59293.3155297668
12,23,455239,399319.44024379,59293.3155297668
13,23,256065,400384.569034291,59293.3155297668
14,23,267828,397949.258687243,59293.3155297668
15,23,308359,399223.316612408,59293.3155297668
16,23,623941,403282.130785023,59293.3155297668
17,23,210085,400846.365457694,59293.3155297668
18,23,128054,429705.985087442,59293.3155297668
19,23,289547,473115.244442637,59293.3155297668
20,23,257320,451306.521268037,59293.3155297668
21,23,345459,484030.099280786,59293.3155297668
22,23,214250,462141.75296174,59293.3155297668
23,23,340326,482041.216884572,59293.3155297668
24,23,189454,488668.649297816,59293.3155297668
25,23,296612,488472.381656202,59293.3155297668
26,23,273594,511603.353560125,59293.3155297668
27,23,391535,525548.648719983,59293.3155297668
28,23,252515,510186.131543296,59293.3155297668
29,23,266129,542252.986289325,59293.3155297668
30,23,201531,551508.05216607,59293.3155297668
31,23,614154,614453.506428561,59293.3155297668
32,23,256233,670065.801261594,59293.3155297668
33,23,164603,677102.708503234,59293.3155297668
34,23,334968,674399.172142582,59293.3155297668
35,23,354033,703339.220390197,59293.3155297668
36,23,101406,814854.136382266,59293.3155297668
37,23,49716,817410.520692501,59293.3155297668
38,23,374923,784634.67206627,59293.3155297668
39,23,257004,1036657.01735207,59293.3155297668
40,23,67575,855450.820801557,59293.3155297668
1,24,282516,289566.04888881,59293.3155297668
2,24,210232,285764.187433679,59293.3155297668
3,24,419231,307871.227175392,59293.3155297668
4,24,322570,300055.384516074,59293.3155297668
5,24,326709,311723.746090189,59293.3155297668
6,24,288166,293090.135000823,59293.3155297668
7,24,448408,312799.751857649,59293.3155297668
8,24,383818,337584.479449478,59293.3155297668
9,24,230568,326606.64488636,59293.3155297668
10,24,334224,302472.809253221,59293.3155297668
11,24,246884,323609.04025418,59293.3155297668
12,24,205470,329938.202601838,59293.3155297668
13,24,307882,330818.266638948,59293.3155297668
14,24,567783,328806.088323281,59293.3155297668
15,24,369500,329858.780327414,59293.3155297668
16,24,189625,333212.380773188,59293.3155297668
17,24,241391,331199.826529477,59293.3155297668
18,24,157077,355045.124475899,59293.3155297668
19,24,341944,390912.081013717,59293.3155297668
20,24,255738,372892.595358635,59293.3155297668
21,24,330943,399930.493903309,59293.3155297668
22,24,249897,381845.219522418,59293.3155297668
23,24,241212,398287.177257887,59293.3155297668
24,24,245218,403763.101838357,59293.3155297668
25,24,146691,403600.9354463,59293.3155297668
26,24,357454,422712.930819614,59293.3155297668
27,24,244177,434235.24893412,59293.3155297668
28,24,256325,421541.94930007,59293.3155297668
29,24,253864,448037.229398478,59293.3155297668
30,24,630459,455684.239517672,59293.3155297668
31,24,163825,507693.002298275,59293.3155297668
32,24,121366,553642.732640911,59293.3155297668
33,24,115457,559456.986326544,59293.3155297668
34,24,222907,557223.185921141,59293.3155297668
35,24,241046,581134.938116824,59293.3155297668
36,24,330717,673274.281303461,59293.3155297668
37,24,275428,675386.497137389,59293.3155297668
38,24,246073,648305.4099309,59293.3155297668
39,24,89988,856539.19781844,59293.3155297668
40,24,91053,706817.344172419,59293.3155297668
1,25,209932,214124.205919969,59293.3155297668
2,25,213267,211312.859188466,59293.3155297668
3,25,111091,227660.260232548,59293.3155297668
4,25,251887,221880.711457945,59293.3155297668
5,25,294152,230509.066425774,59293.3155297668
6,25,304550,216730.147269875,59293.3155297668
7,25,309985,231304.735950592,59293.3155297668
8,25,258536,249632.195730178,59293.3155297668
9,25,286750,241514.461908934,59293.3155297668
10,25,299945,223668.314508093,59293.3155297668
11,25,108937,239297.835636653,59293.3155297668
12,25,168880,243978.035083486,59293.3155297668
13,25,320980,244628.81238914,59293.3155297668
14,25,125256,243140.875230537,59293.3155297668
15,25,306310,243919.305023423,59293.3155297668
16,25,159243,246399.178044379,59293.3155297668
17,25,319243,244910.962899823,59293.3155297668
18,25,380392,262543.746533458,59293.3155297668
19,25,334448,289066.136215873,59293.3155297668
20,25,182548,275741.341849313,59293.3155297668
21,25,332489,295734.944614,59293.3155297668
22,25,170788,282361.50173106,59293.3155297668
23,25,258029,294519.768065761,59293.3155297668
24,25,178252,298569.027317563,59293.3155297668
25,25,403836,298449.110807808,59293.3155297668
26,25,167900,312581.778807255,59293.3155297668
27,25,332861,321102.139623358,59293.3155297668
28,25,191866,311715.877956718,59293.3155297668
29,25,170274,331308.2329081,59293.3155297668
30,25,249020,336962.935784068,59293.3155297668
31,25,212526,375421.640021017,59293.3155297668
32,25,104704,409399.896655764,59293.3155297668
33,25,164494,413699.338728586,59293.3155297668
34,25,199941,412047.51960191,59293.3155297668
35,25,141763,429729.443883792,59293.3155297668
36,25,91322,497863.342072257,59293.3155297668
37,25,139431,499425.253559833,59293.3155297668
38,25,205256,479399.71425441,59293.3155297668
39,25,100657,633381.490254151,59293.3155297668
40,25,72613,522667.291735904,59293.3155297668
1,26,249565,229257.792047468,59293.3155297668
2,26,183263,226247.748687003,59293.3155297668
3,26,243978,243750.529621921,59293.3155297668
4,26,214340,237562.501578089,59293.3155297668
5,26,333446,246800.679954175,59293.3155297668
6,26,130240,232047.91265769,59293.3155297668
7,26,249656,247652.584752492,59293.3155297668
8,26,274878,267275.368383396,59293.3155297668
9,26,214221,258583.900156852,59293.3155297668
10,26,294483,239476.446461497,59293.3155297668
11,26,204801,256210.610118043,59293.3155297668
12,26,546342,261221.59048298,59293.3155297668
13,26,124851,261918.362562381,59293.3155297668
14,26,193440,260325.262958247,59293.3155297668
15,26,271986,261158.709577765,59293.3155297668
16,26,168477,263813.851769185,59293.3155297668
17,26,226162,262220.454531976,59293.3155297668
18,26,143447,281099.464619274,59293.3155297668
19,26,141184,309496.368520394,59293.3155297668
20,26,222247,295229.822041731,59293.3155297668
21,26,236601,316636.506097897,59293.3155297668
22,26,181401,302317.872787651,59293.3155297668
23,26,258993,315335.444916139,59293.3155297668
24,26,197227,319670.892333247,59293.3155297668
25,26,119204,319542.500523744,59293.3155297668
26,26,125770,334674.018454529,59293.3155297668
27,26,176960,343796.57001172,59293.3155297668
28,26,380202,333746.918614167,59293.3155297668
29,26,172388,354723.995997202,59293.3155297668
30,26,171708,360778.354449854,59293.3155297668
31,26,115025,401955.191886276,59293.3155297668
32,26,158659,438334.918597864,59293.3155297668
33,26,65019,442938.230925007,59293.3155297668
34,26,184477,441169.666720803,59293.3155297668
35,26,125462,460101.290553795,59293.3155297668
36,26,115413,533050.66587156,59293.3155297668
37,26,134234,534722.968064005,59293.3155297668
38,26,162636,513282.090298708,59293.3155297668
39,26,169684,678146.785672956,59293.3155297668
40,26,37487,559607.676133491,59293.3155297668
1,27,97906,213529.665514298,59293.3155297668
2,27,263314,210726.124809297,59293.3155297668
3,27,191046,227028.135420258,59293.3155297668
4,27,254642,221264.634225415,59293.3155297668
5,27,113318,229869.031576492,59293.3155297668
6,27,266778,216128.371169292,59293.3155297668
7,27,250093,230662.491833656,59293.3155297668
8,27,280846,248939.06332004,59293.3155297668
9,27,265224,240843.869317396,59293.3155297668
10,27,324497,223047.273790757,59293.3155297668
11,27,128131,238633.397762082,59293.3155297668
12,27,207366,243300.602098596,59293.3155297668
13,27,360345,243949.572446454,59293.3155297668
14,27,226882,242465.766715954,59293.3155297668
15,27,237889,243242.035109278,59293.3155297668
16,27,82913,245715.02247849,59293.3155297668
17,27,127208,244230.939533897,59293.3155297668
18,27,111480,261814.76372229,59293.3155297668
19,27,215329,288263.510949135,59293.3155297668
20,27,322175,274975.714401733,59293.3155297668
21,27,91014,294913.802636209,59293.3155297668
22,27,199405,281577.492650611,59293.3155297668
23,27,136678,293702.000164968,59293.3155297668
24,27,66286,297740.016184237,59293.3155297668
25,27,236667,297620.432636419,59293.3155297668
26,27,108039,311713.859662947,59293.3155297668
27,27,171890,320210.562720441,59293.3155297668
28,27,128868,310850.363085392,59293.3155297668
29,27,122839,330388.317617117,59293.3155297668
30,27,249317,336027.319562275,59293.3155297668
31,27,130734,374379.238797872,59293.3155297668
32,27,106004,408263.150907689,59293.3155297668
33,27,299312,412550.655086693,59293.3155297668
34,27,112534,410903.422425192,59293.3155297668
35,27,120271,428536.250817189,59293.3155297668
36,27,66854,496480.967426229,59293.3155297668
37,27,146459,498038.542087497,59293.3155297668
38,27,107154,478068.605987752,59293.3155297668
39,27,97445,631622.83393343,59293.3155297668
40,27,83379,521216.046080025,59293.3155297668
1,28,254949,192805.154995556,59293.3155297668
2,28,331948,190273.717038857,59293.3155297668
3,28,135359,204993.506324412,59293.3155297668
4,28,245330,199789.392233228,59293.3155297668
5,28,298992,207558.674131001,59293.3155297668
6,28,246033,195151.638541025,59293.3155297668
7,28,132607,208275.123658034,59293.3155297668
8,28,259180,224777.829217622,59293.3155297668
9,28,218301,217468.329010053,59293.3155297668
10,28,150889,201399.014469414,59293.3155297668
11,28,193118,215472.398796754,59293.3155297668
12,28,59566,219686.619117524,59293.3155297668
13,28,171652,220272.602466512,59293.3155297668
14,28,197491,218932.810203159,59293.3155297668
15,28,168669,219633.736454004,59293.3155297668
16,28,111875,221866.703530848,59293.3155297668
17,28,49186,220526.660958921,59293.3155297668
18,28,132675,236403.855070999,59293.3155297668
19,28,95934,260285.570973226,59293.3155297668
20,28,131282,248287.445716482,59293.3155297668
21,28,220391,266290.406490594,59293.3155297668
22,28,366327,254248.47635574,59293.3155297668
23,28,48244,265196.217714862,59293.3155297668
24,28,156564,268842.316736253,59293.3155297668
25,28,74535,268734.339587427,59293.3155297668
26,28,74032,281459.903390113,59293.3155297668
27,28,89920,289131.943460075,59293.3155297668
28,28,261127,280680.215045298,59293.3155297668
29,28,143908,298321.877821813,59293.3155297668
30,28,190351,303413.576164701,59293.3155297668
31,28,174288,338043.180040989,59293.3155297668
32,28,143301,368638.427359219,59293.3155297668
33,28,197925,372509.800012691,59293.3155297668
34,28,97489,371022.442516722,59293.3155297668
35,28,93746,386943.884640188,59293.3155297668
36,28,95536,448294.103053085,59293.3155297668
37,28,182729,449700.504469299,59293.3155297668
38,28,149259,431668.786882476,59293.3155297668
39,28,65348,570319.529616426,59293.3155297668
40,28,60783,470628.473606169,59293.3155297668
1,29,215513,160535.365298637,59293.3155297668
2,29,183773,158427.613993342,59293.3155297668
3,29,260108,170683.752840511,59293.3155297668
4,29,136112,166350.651079289,59293.3155297668
5,29,228243,172819.588632311,59293.3155297668
6,29,163879,162489.118003786,59293.3155297668
7,29,120474,173416.1260358,59293.3155297668
8,29,364904,187156.774544318,59293.3155297668
9,29,101194,181070.665041698,59293.3155297668
10,29,162786,167690.87091773,59293.3155297668
11,29,46791,179408.79357405,59293.3155297668
12,29,79190,182917.680038519,59293.3155297668
13,29,120048,183405.587382028,59293.3155297668
14,29,131119,182290.036086594,59293.3155297668
15,29,172297,182873.648343898,59293.3155297668
16,29,58759,184732.88382642,59293.3155297668
17,29,64397,183617.124116546,59293.3155297668
18,29,127016,196836.952999019,59293.3155297668
19,29,147405,216721.587237199,59293.3155297668
20,29,122103,206731.587638721,59293.3155297668
21,29,114057,221721.393717276,59293.3155297668
22,29,110582,211694.92086107,59293.3155297668
23,29,69673,220810.339265325,59293.3155297668
24,29,103736,223846.190865493,59293.3155297668
25,29,149378,223756.285846973,59293.3155297668
26,29,126579,234351.972636273,59293.3155297668
27,29,86097,240739.943721618,59293.3155297668
28,29,95490,233702.780692952,59293.3155297668
29,29,92972,248391.759202725,59293.3155297668
30,29,135332,252631.26023414,59293.3155297668
31,29,106378,281464.908943145,59293.3155297668
32,29,116763,306939.431160911,59293.3155297668
33,29,206353,310162.852355985,59293.3155297668
34,29,171150,308924.433813957,59293.3155297668
35,29,129947,322181.104920239,59293.3155297668
36,29,149859,373263.140171281,59293.3155297668
37,29,109020,374434.152248804,59293.3155297668
38,29,181494,359420.402383925,59293.3155297668
39,29,46270,474865.176846698,59293.3155297668
40,29,22832,391859.408178416,59293.3155297668
1,30,137641,117556.707849469,59293.3155297668
2,30,60362,116013.245423262,59293.3155297668
3,30,145956,124988.160895245,59293.3155297668
4,30,153788,121815.120631634,59293.3155297668
5,30,103868,126552.189006584,59293.3155297668
6,30,184288,118987.400304941,59293.3155297668
7,30,85677,126989.020935379,59293.3155297668
8,30,160582,137051.011945105,59293.3155297668
9,30,154009,132594.280586203,59293.3155297668
10,30,112221,122796.535734211,59293.3155297668
11,30,78329,131377.326687962,59293.3155297668
12,30,257689,133946.811238691,59293.3155297668
13,30,46900,134304.09563476,59293.3155297668
14,30,52320,133487.200631691,59293.3155297668
15,30,52822,133914.56774486,59293.3155297668
16,30,45146,135276.047204764,59293.3155297668
17,30,108598,134458.999584136,59293.3155297668
18,30,96204,144139.605218077,59293.3155297668
19,30,68102,158700.709143576,59293.3155297668
20,30,171075,151385.24029327,59293.3155297668
21,30,93127,162361.963401096,59293.3155297668
22,30,155852,155019.785943033,59293.3155297668
23,30,29534,161694.817181671,59293.3155297668
24,30,158152,163917.908143413,59293.3155297668
25,30,111680,163852.072568948,59293.3155297668
26,30,75538,171611.073546939,59293.3155297668
27,30,124139,176288.851862227,59293.3155297668
28,30,85243,171135.683794175,59293.3155297668
29,30,73880,181892.117132513,59293.3155297668
30,30,176565,184996.615529178,59293.3155297668
31,30,77726,206110.896555126,59293.3155297668
32,30,65147,224765.35914278,59293.3155297668
33,30,160702,227125.803416228,59293.3155297668
34,30,53370,226218.935284899,59293.3155297668
35,30,68683,235926.519712783,59293.3155297668
36,30,39705,273332.831295232,59293.3155297668
37,30,70506,274190.339075087,59293.3155297668
38,30,141865,263196.082430719,59293.3155297668
39,30,101831,347733.888782746,59293.3155297668
40,30,73497,286950.491435964,59293.3155297668
1,31,127410,112933.456774792,59293.3155297668
2,31,107986,111450.695387694,59293.3155297668
3,31,70528,120072.646844607,59293.3155297668
4,31,139449,117024.395392091,59293.3155297668
5,31,192431,121575.165112919,59293.3155297668
6,31,91226,114307.883190212,59293.3155297668
7,31,92684,121994.81738671,59293.3155297668
8,31,155112,131661.092051533,59293.3155297668
9,31,153351,127379.634298208,59293.3155297668
10,31,66190,117967.213561232,59293.3155297668
11,31,249487,126210.540564825,59293.3155297668
12,31,180940,128678.972845311,59293.3155297668
13,31,145316,129022.206018798,59293.3155297668
14,31,180469,128237.437729464,59293.3155297668
15,31,59435,128647.997418358,59293.3155297668
16,31,57983,129955.932835635,59293.3155297668
17,31,43604,129171.017930862,59293.3155297668
18,31,131726,138470.90628189,59293.3155297668
19,31,118041,152459.353481936,59293.3155297668
20,31,71632,145431.586200028,59293.3155297668
21,31,127933,155976.618527863,59293.3155297668
22,31,77734,148923.193029977,59293.3155297668
23,31,120521,155335.709726382,59293.3155297668
24,31,27482,157471.371328575,59293.3155297668
25,31,35045,157408.124924868,59293.3155297668
26,31,107404,164861.981175126,59293.3155297668
27,31,44553,169355.792586109,59293.3155297668
28,31,58753,164405.287473191,59293.3155297668
29,31,29650,174738.693551742,59293.3155297668
30,31,121187,177721.098740701,59293.3155297668
31,31,49794,198005.000758679,59293.3155297668
32,31,162862,215925.823677585,59293.3155297668
33,31,21664,218193.436782794,59293.3155297668
34,31,108334,217322.233813747,59293.3155297668
35,31,5495,226648.039941101,59293.3155297668
36,31,17445,262583.242189281,59293.3155297668
37,31,19807,263407.026042724,59293.3155297668
38,31,130422,252845.149734418,59293.3155297668
39,31,29353,334058.266996238,59293.3155297668
40,31,89047,275665.349208188,59293.3155297668
1,32,90221,96287.6246860436,59293.3155297668
2,32,132631,95023.4149822306,59293.3155297668
3,32,100828,102374.533505061,59293.3155297668
4,32,96382,99775.5792164856,59293.3155297668
5,32,98578,103655.588023667,59293.3155297668
6,32,69650,97459.4674563439,59293.3155297668
7,32,131503,104013.385631138,59293.3155297668
8,32,117754,112254.89929431,59293.3155297668
9,32,81902,108604.507204715,59293.3155297668
10,32,142059,100579.430657946,59293.3155297668
11,32,215195,107607.732096279,59293.3155297668
12,32,31618,109712.329686525,59293.3155297668
13,32,65344,110004.971990518,59293.3155297668
14,32,100971,109335.874659516,59293.3155297668
15,32,190301,109685.919884061,59293.3155297668
16,32,111666,110801.072099967,59293.3155297668
17,32,30861,110131.849763915,59293.3155297668
18,32,14892,118060.980640974,59293.3155297668
19,32,86702,129987.600018476,59293.3155297668
20,32,121577,123995.690820384,59293.3155297668
21,32,53407,132986.437620153,59293.3155297668
22,32,51121,126972.652100014,59293.3155297668
23,32,42772,132439.995601132,59293.3155297668
24,32,44732,134260.871262615,59293.3155297668
25,32,32199,134206.94706551,59293.3155297668
26,32,61458,140562.141828739,59293.3155297668
27,32,51892,144393.587698793,59293.3155297668
28,32,174520,140172.762516141,59293.3155297668
29,32,23147,148983.075727434,59293.3155297668
30,32,114116,151525.889165518,59293.3155297668
31,32,70781,168820.044506661,59293.3155297668
32,32,82877,184099.426901921,59293.3155297668
33,32,160003,186032.805068526,59293.3155297668
34,32,17061,185290.013101428,59293.3155297668
35,32,224864,193241.24160297,59293.3155297668
36,32,69428,223879.773052422,59293.3155297668
37,32,119925,224582.135246656,59293.3155297668
38,32,97457,215577.027185698,59293.3155297668
39,32,27964,284819.733269544,59293.3155297668
40,32,21536,235033.642301737,59293.3155297668
1,33,69980,80442.5423042123,59293.3155297668
2,33,66228,79386.3708293009,59293.3155297668
3,33,117132,85527.7899855449,59293.3155297668
4,33,50773,83356.5193680885,59293.3155297668
5,33,55935,86598.0342941253,59293.3155297668
6,33,64069,81421.5467394254,59293.3155297668
7,33,96378,86896.9527612613,59293.3155297668
8,33,156917,93782.2437180395,59293.3155297668
9,33,55289,90732.559804331,59293.3155297668
10,33,73155,84028.0890926175,59293.3155297668
11,33,64441,89899.8139131577,59293.3155297668
12,33,115876,91658.079123653,59293.3155297668
13,33,40543,91902.5642378689,59293.3155297668
14,33,45296,91343.5735001674,59293.3155297668
15,33,141495,91636.0153157765,59293.3155297668
16,33,79788,92567.6581888474,59293.3155297668
17,33,110441,92008.563016915,59293.3155297668
18,33,40951,98632.876869221,59293.3155297668
19,33,69620,108596.85289365,59293.3155297668
20,33,99421,103590.971704638,59293.3155297668
21,33,66983,111102.202064148,59293.3155297668
22,33,26891,106078.044518569,59293.3155297668
23,33,6507,110645.682491926,59293.3155297668
24,33,24437,112166.915027334,59293.3155297668
25,33,84293,112121.864590988,59293.3155297668
26,33,57110,117431.24910701,59293.3155297668
27,33,48640,120632.192608244,59293.3155297668
28,33,48916,117105.946017145,59293.3155297668
29,33,53701,124466.434922378,59293.3155297668
30,33,65924,126590.803222372,59293.3155297668
31,33,19603,141039.034001578,59293.3155297668
32,33,287056,153804.042679698,59293.3155297668
33,33,39912,155419.26431866,59293.3155297668
34,33,43152,154798.706127186,59293.3155297668
35,33,56541,161441.481220987,59293.3155297668
36,33,16501,187038.138842335,59293.3155297668
37,33,54092,187624.920380532,59293.3155297668
38,33,29603,180101.692047611,59293.3155297668
39,33,73077,237949.824988576,59293.3155297668
40,33,7389,196356.528426348,59293.3155297668
1,34,204467,100776.300090778,59293.3155297668
2,34,30862,99453.1562609813,59293.3155297668
3,34,47532,107146.964563712,59293.3155297668
4,34,121668,104426.853872834,59293.3155297668
5,34,45337,108487.738469192,59293.3155297668
6,34,189957,102002.771083951,59293.3155297668
7,34,91333,108862.215658548,59293.3155297668
8,34,103780,117487.926977424,59293.3155297668
9,34,73594,113667.363225129,59293.3155297668
10,34,132293,105268.178750845,59293.3155297668
11,34,87219,112624.121087022,59293.3155297668
12,34,111292,114826.829472617,59293.3155297668
13,34,55620,115133.113989891,59293.3155297668
14,34,129251,114432.825103974,59293.3155297668
15,34,7839,114799.188514735,59293.3155297668
16,34,54360,115966.326189213,59293.3155297668
17,34,79566,115265.90647084,59293.3155297668
18,34,49755,123564.672541048,59293.3155297668
19,34,106384,136047.27949469,59293.3155297668
20,34,269654,129776.043274744,59293.3155297668
21,34,39345,139185.915005281,59293.3155297668
22,34,41449,132891.782646786,59293.3155297668
23,34,131520,138613.999298869,59293.3155297668
24,34,30715,140519.759386813,59293.3155297668
25,34,111674,140463.321385696,59293.3155297668
26,34,40662,147114.778586793,59293.3155297668
27,34,16143,151124.836369827,59293.3155297668
28,34,11311,146707.247436414,59293.3155297668
29,34,19158,155928.274239911,59293.3155297668
30,34,134023,158589.626941743,59293.3155297668
31,34,23528,176689.990245525,59293.3155297668
32,34,37228,192681.657196363,59293.3155297668
33,34,19431,194705.164359843,59293.3155297668
34,34,35506,193927.745388034,59293.3155297668
35,34,19344,202249.639215766,59293.3155297668
36,34,130729,234316.458287878,59293.3155297668
37,34,1413,235051.562757319,59293.3155297668
38,34,69707,225626.660281429,59293.3155297668
39,34,121236,298097.278911351,59293.3155297668
40,34,98830,245990.291538074,59293.3155297668
1,35,16536,48478.2083963767,59293.3155297668
2,35,55318,47841.7130868496,59293.3155297668
3,35,79812,51542.8019532355,59293.3155297668
4,35,46951,50234.2989340256,59293.3155297668
5,35,82313,52187.7781702997,59293.3155297668
6,35,18423,49068.1994592119,59293.3155297668
7,35,43722,52367.9195647442,59293.3155297668
8,35,43072,56517.2982431317,59293.3155297668
9,35,7532,54679.4247985962,59293.3155297668
10,35,80520,50639.0163400878,59293.3155297668
11,35,25729,54177.5755569243,59293.3155297668
12,35,134408,55237.1833819498,59293.3155297668
13,35,11850,55384.5208476399,59293.3155297668
14,35,69528,55047.6484826237,59293.3155297668
15,35,44021,55223.8867624545,59293.3155297668
16,35,41086,55785.3356681956,59293.3155297668
17,35,11361,55448.4003665259,59293.3155297668
18,35,26784,59440.5027816963,59293.3155297668
19,35,121160,65445.2322734876,59293.3155297668
20,35,21166,62428.4684500533,59293.3155297668
21,35,31468,66955.0656988629,59293.3155297668
22,35,91436,63927.2877404078,59293.3155297668
23,35,28783,66679.9469578928,59293.3155297668
24,35,37483,67596.7084842995,59293.3155297668
25,35,9325,67569.5591130965,59293.3155297668
26,35,33588,70769.2273688661,59293.3155297668
27,35,23273,72698.2564829763,59293.3155297668
28,35,44764,70573.1854421602,59293.3155297668
29,35,35899,75008.9392712433,59293.3155297668
30,35,68839,76289.1768943695,59293.3155297668
31,35,16318,84996.3152145942,59293.3155297668
32,35,16916,92689.0699828266,59293.3155297668
33,35,482,93662.4734702974,59293.3155297668
34,35,10701,93288.4978540792,59293.3155297668
35,35,11351,97291.7258240473,59293.3155297668
36,35,26864,112717.395710582,59293.3155297668
37,35,5831,113071.01603233,59293.3155297668
38,35,43507,108537.188277887,59293.3155297668
39,35,12749,143399.013423194,59293.3155297668
40,35,11268,118333.066464299,59293.3155297668
1,36,30005,39970.3180659213,59293.3155297668
2,36,29075,39445.5272204914,59293.3155297668
3,36,30776,42497.0776814763,59293.3155297668
4,36,110817,41418.2159908708,59293.3155297668
5,36,5687,43028.8610413361,59293.3155297668
6,36,14010,40456.7661261459,59293.3155297668
7,36,7437,43177.3877520164,59293.3155297668
8,36,21391,46598.5534888982,59293.3155297668
9,36,18067,45083.2254977655,59293.3155297668
10,36,5280,41751.9057863941,59293.3155297668
11,36,33822,44669.4504331683,59293.3155297668
12,36,36101,45543.0978552247,59293.3155297668
13,36,20654,45664.5777027989,59293.3155297668
14,36,46395,45386.8261929406,59293.3155297668
15,36,64277,45532.1347827843,59293.3155297668
16,36,32817,45995.0498137349,59293.3155297668
17,36,188862,45717.2464125601,59293.3155297668
18,36,5712,49008.7377560813,59293.3155297668
19,36,97056,53959.6415874337,59293.3155297668
20,36,62652,51472.3176218589,59293.3155297668
21,36,18357,55204.5003442874,59293.3155297668
22,36,2182,52708.0952163808,59293.3155297668
23,36,9532,54977.6647423493,59293.3155297668
24,36,19790,55733.5352873469,59293.3155297668
25,36,49307,55711.1506110528,59293.3155297668
26,36,69554,58349.2794140574,59293.3155297668
27,36,44465,59939.7653210236,59293.3155297668
28,36,34964,58187.6427029681,59293.3155297668
29,36,21602,61844.9249597899,59293.3155297668
30,36,44304,62900.4818107758,59293.3155297668
31,36,37992,70079.523685792,59293.3155297668
32,36,11255,76422.2055847453,59293.3155297668
33,36,11543,77224.7774678183,59293.3155297668
34,36,9805,76916.4343003704,59293.3155297668
35,36,43556,80217.0986719105,59293.3155297668
36,36,94545,92935.574707646,59293.3155297668
37,36,19762,93227.1349200052,59293.3155297668
38,36,30562,89488.990640425,59293.3155297668
39,36,56726,118232.590816883,59293.3155297668
40,36,0,97565.6993266144,59293.3155297668
1,37,11460,19698.2083918046,59293.3155297668
2,37,11427,19439.5804915127,59293.3155297668
3,37,50948,20943.4483566483,59293.3155297668
4,37,6658,20411.7627600405,59293.3155297668
5,37,45405,21205.5223142419,59293.3155297668
6,37,20179,19937.9401659248,59293.3155297668
7,37,34765,21278.719382474,59293.3155297668
8,37,5198,22964.7413830209,59293.3155297668
9,37,24284,22217.9560684273,59293.3155297668
10,37,28838,20576.2120676391,59293.3155297668
11,37,58592,22014.0390659074,59293.3155297668
12,37,72514,22444.5907806135,59293.3155297668
13,37,50907,22504.4585892452,59293.3155297668
14,37,24161,22367.5768383094,59293.3155297668
15,37,114054,22439.1879493128,59293.3155297668
16,37,20054,22667.3221546079,59293.3155297668
17,37,41994,22530.4148305464,59293.3155297668
18,37,78939,24152.5305789768,59293.3155297668
19,37,177413,26592.4394943104,59293.3155297668
20,37,54903,25366.6342422478,59293.3155297668
21,37,14802,27205.9319156223,59293.3155297668
22,37,28507,25975.6512769051,59293.3155297668
23,37,11728,27094.142588595,59293.3155297668
24,37,26680,27466.6513959563,59293.3155297668
25,37,11133,27455.619759488,59293.3155297668
26,37,146864,28755.7447882732,59293.3155297668
27,37,56495,29539.5694950963,59293.3155297668
28,37,22380,28676.0868377522,59293.3155297668
29,37,0,30478.4719957515,59293.3155297668
30,37,26779,30998.6724801665,59293.3155297668
31,37,0,34536.6544065133,59293.3155297668
32,37,6820,37662.4606510984,59293.3155297668
33,37,0,38057.9848542359,59293.3155297668
34,37,2744,37906.0268948681,59293.3155297668
35,37,10961,39532.6633032843,59293.3155297668
36,37,2468,45800.5941955254,59293.3155297668
37,37,26637,45944.2811637486,59293.3155297668
38,37,65445,44102.045510373,59293.3155297668
39,37,3276,58267.4926122142,59293.3155297668
40,37,6022,48082.4164085496,59293.3155297668
1,38,49581,54502.390743881,59293.3155297668
2,38,97467,53786.8008486677,59293.3155297668
3,38,19189,57947.808407451,59293.3155297668
4,38,15262,56476.7032407869,59293.3155297668
5,38,41775,58672.933096786,59293.3155297668
6,38,9043,55165.6975059447,59293.3155297668
7,38,20588,58875.4599020031,59293.3155297668
8,38,17740,63540.4643556475,59293.3155297668
9,38,10509,61474.2061351939,59293.3155297668
10,38,12700,56931.713170727,59293.3155297668
11,38,21880,60909.9942063933,59293.3155297668
12,38,9712,62101.275023593,59293.3155297668
13,38,15266,62266.9214942834,59293.3155297668
14,38,0,61888.1874222895,59293.3155297668
15,38,36087,62086.3260893135,59293.3155297668
16,38,102403,62717.5438808875,59293.3155297668
17,38,914,62338.7390513678,59293.3155297668
18,38,6843,66826.9231843745,59293.3155297668
19,38,67568,73577.8350662042,59293.3155297668
20,38,7574,70186.1907351585,59293.3155297668
21,38,14241,75275.2891188611,59293.3155297668
22,38,5743,71871.2619727225,59293.3155297668
23,38,16085,74965.9825331326,59293.3155297668
24,38,10074,75996.6661450895,59293.3155297668
25,38,9723,75966.1430361153,59293.3155297668
26,38,11226,79563.4205613256,59293.3155297668
27,38,13730,81732.1619816751,59293.3155297668
28,38,19204,79343.0173318138,59293.3155297668
29,38,13526,84329.9835674394,59293.3155297668
30,38,12275,85769.310916547,59293.3155297668
31,38,8997,95558.4485659774,59293.3155297668
32,38,16213,104207.149500775,59293.3155297668
33,38,51273,105301.513731231,59293.3155297668
34,38,29596,104881.065743609,59293.3155297668
35,38,27707,109381.75795715,59293.3155297668
36,38,53973,126724.310734016,59293.3155297668
37,38,25561,127121.873960637,59293.3155297668
38,38,12698,122024.646566883,59293.3155297668
39,38,50047,161218.603583174,59293.3155297668
40,38,0,133037.817190474,59293.3155297668
1,39,27324,26898.5826570379,59293.3155297668
2,39,26120,26545.4173429622,59293.3155297668
3,39,11561,28599.0007588247,59293.3155297668
4,39,7389,27872.9657467339,59293.3155297668
5,39,59157,28956.871782949,59293.3155297668
6,39,60176,27225.9446593798,59293.3155297668
7,39,18819,29056.8249030974,59293.3155297668
8,39,77692,31359.146070649,59293.3155297668
9,39,85920,30339.3849780607,59293.3155297668
10,39,53912,28097.5269456688,59293.3155297668
11,39,9970,30060.9292810574,59293.3155297668
12,39,6936,30648.8624908091,59293.3155297668
13,39,21114,30730.6140474454,59293.3155297668
14,39,10520,30543.6972975282,59293.3155297668
15,39,52339,30641.4847384047,59293.3155297668
16,39,1376,30953.0098606885,59293.3155297668
17,39,4785,30766.0581897866,59293.3155297668
18,39,18028,32981.1131668976,59293.3155297668
19,39,9789,36312.8929069298,59293.3155297668
20,39,88312,34639.0135754593,59293.3155297668
21,39,12475,37150.6379584538,59293.3155297668
22,39,7348,35470.6473322171,59293.3155297668
23,39,12590,36997.9857784479,59293.3155297668
24,39,3924,37506.6593971844,59293.3155297668
25,39,8978,37491.59531727,59293.3155297668
26,39,16218,39266.9608660379,59293.3155297668
27,39,4263,40337.3005256529,59293.3155297668
28,39,13902,39158.1851883843,59293.3155297668
29,39,0,41619.4042590706,59293.3155297668
30,39,25987,42329.7559545116,59293.3155297668
31,39,34920,47160.9922472771,59293.3155297668
32,39,21787,51429.3884367924,59293.3155297668
33,39,44445,51969.4903719196,59293.3155297668
34,39,3871,51761.9865396346,59293.3155297668
35,39,13592,53983.2146338065,59293.3155297668
36,39,18872,62542.2903548093,59293.3155297668
37,39,1620,62738.499863543,59293.3155297668
38,39,0,60222.8635675699,59293.3155297668
39,39,6548,79566.2699405728,59293.3155297668
40,39,11705,65658.1972527805,59293.3155297668
1,40,31045,31045,59293.3155297668
2,40,286,30637.3942419096,59293.3155297668
3,40,36735,33007.5376044176,59293.3155297668
4,40,15516,32169.5842729078,59293.3155297668
5,40,69996,33420.5744579052,59293.3155297668
6,40,11567,31422.8248650602,59293.3155297668
7,40,9751,33535.9353545953,59293.3155297668
8,40,19442,36193.159400857,59293.3155297668
9,40,4077,35016.202104517,59293.3155297668
10,40,27302,32428.7615875575,59293.3155297668
11,40,18825,34694.822453266,59293.3155297668
12,40,61962,35373.3855853634,59293.3155297668
13,40,9040,35467.7391469668,59293.3155297668
14,40,50282,35252.0091743073,59293.3155297668
15,40,16008,35364.8705521993,59293.3155297668
16,40,11803,35724.4172816538,59293.3155297668
17,40,27547,35508.6470049388,59293.3155297668
18,40,2715,38065.1527748225,59293.3155297668
19,40,19432,41910.5264641397,59293.3155297668
20,40,12539,39978.6185822981,59293.3155297668
21,40,24874,42877.4099410934,59293.3155297668
22,40,10113,40938.4487082096,59293.3155297668
23,40,24717,42701.2264228499,59293.3155297668
24,40,5458,43288.312095542,59293.3155297668
25,40,20430,43270.925887246,59293.3155297668
26,40,11914,45319.9640898994,59293.3155297668
27,40,28650,46555.2966409271,59293.3155297668
28,40,2805,45194.4206381938,59293.3155297668
29,40,10720,48035.03670424,59293.3155297668
30,40,58001,48854.8891353567,59293.3155297668
31,40,4732,54430.8606510776,59293.3155297668
32,40,10062,59357.2302443406,59293.3155297668
33,40,10353,59980.5889093607,59293.3155297668
34,40,4949,59741.0983549539,59293.3155297668
35,40,10406,62304.7288280831,59293.3155297668
36,40,48115,72183.1863344309,59293.3155297668
37,40,12794,72409.6415449639,59293.3155297668
38,40,4984,69506.2198366811,59293.3155297668
39,40,3795,91831.4128963516,59293.3155297668
40,40,69458,75779.4103764514,59293.3155297668
